<?xml version="1.0"?>
<configuration xmlns="urn:hornetq" xmlns:xsi="http://www.w3.org/2001/XMLSchema-instance" xsi:schemaLocation="urn:hornetq /schema/hornetq-jms.xsd">
  <queue name="quickstart_bpm_orchestration1_service1_Request_esb">
    <entry name="queue/quickstart_bpm_orchestration1_service1_Request_esb"/>
  </queue>
  <queue name="quickstart_bpm_orchestration1_service1_Request_esb_reply">
    <entry name="queue/quickstart_bpm_orchestration1_service1_Request_esb_reply"/>
  </queue>
  <queue name="quickstart_bpm_orchestration1_service2_Request_esb">
    <entry name="queue/quickstart_bpm_orchestration1_service2_Request_esb"/>
  </queue>
  <queue name="quickstart_bpm_orchestration1_service2_Request_esb_reply">
    <entry name="queue/quickstart_bpm_orchestration1_service2_Request_esb_reply"/>
  </queue>
  <queue name="quickstart_bpm_orchestration1_service3_Request_esb">
    <entry name="queue/quickstart_bpm_orchestration1_service3_Request_esb"/>
  </queue>
  <queue name="quickstart_bpm_orchestration1_service3_Request_esb_reply">
    <entry name="queue/quickstart_bpm_orchestration1_service3_Request_esb_reply"/>
  </queue>
  <queue name="quickstart_bpm_orchestration1_results_Request_esb">
    <entry name="queue/quickstart_bpm_orchestration1_results_Request_esb"/>
  </queue>
  <queue name="quickstart_bpm_orchestration1_results_Request_esb_reply">
    <entry name="queue/quickstart_bpm_orchestration1_results_Request_esb_reply"/>
  </queue>
</configuration>
