<?xml version = "1.0" encoding = "UTF-8"?>
<jbossesb xmlns="http://anonsvn.labs.jboss.com/labs/jbossesb/trunk/product/etc/schemas/xml/jbossesb-1.0.1.xsd"
    xmlns:xsi="http://www.w3.org/2001/XMLSchema-instance"
    xsi:schemaLocation="http://anonsvn.labs.jboss.com/labs/jbossesb/trunk/product/etc/schemas/xml/jbossesb-1.0.1.xsd http://anonsvn.jboss.org/repos/labs/labs/jbossesb/trunk/product/etc/schemas/xml/jbossesb-1.0.1.xsd"
    parameterReloadSecs="5">

    <providers>
          <jms-provider name="JBossMQ" connection-factory="ConnectionFactory">
              <jms-bus busid="quickstartGwChannel">
                  <jms-message-filter
                      dest-type="QUEUE"
                      dest-name="queue/quickstart_transform_pojo_gw"
                   />
              </jms-bus>
              <jms-bus busid="quickstartEsbChannel">
                  <jms-message-filter
                      dest-type="QUEUE"
                      dest-name="queue/quickstart_transform_pojo_esb"
                  />
              </jms-bus>

          </jms-provider>
      </providers>
      
      <services>
        <service 
        	category="MyTransformationServicesESB" 
        	name="MyFirstTransformationServiceESB" 
        	description="ESB: Takes XML in and produces a POJO">
            <listeners>
                <jms-listener name="JMS-Gateway"
                    busidref="quickstartGwChannel"
                    is-gateway="true"
                />
                <jms-listener name="jmsTransformer"
                              busidref="quickstartEsbChannel"
                />
            </listeners>
            <actions mep="OneWay">
                <action name="displayBeforeTransformer"
                  	class="org.jboss.soa.esb.samples.quickstart.transformxml2pojo.MyJMSListenerAction" 
                   	process="displayMessage" 
                />   

                <action name="transform" class="org.jboss.soa.esb.smooks.SmooksAction">
                    <property name="smooksConfig" value="/smooks-res.xml" />
                    <property name="resultType" value="JAVA" />
                    <!-- property name="reportPath" value="/zap/smooks-report.html" / -->
                </action>

                <action name="convertPOJO2Message" class="org.jboss.soa.esb.dvdstore.DVDStoreAction"	/>
                <action name="displayAfterTransformer" class="org.jboss.soa.esb.samples.quickstart.transformxml2pojo.MyJMSListenerAction" process="displayMessage" />  
                <action name="returnToSender"
                	class="org.jboss.soa.esb.samples.quickstart.transformxml2pojo.MyJMSListenerAction" process="sendResponse" />
		<action name="println-xml2pojo" class="org.jboss.soa.esb.actions.SystemPrintln">
			<property name="message" value=">>>> Message after Smooks intermediate xml -> target pojos : " />
		</action>           	   
                <!-- The next action is for Continuous Integration testing -->
		<action name="testStore" class="org.jboss.soa.esb.actions.TestMessageStore"/>
            </actions>
        </service>
      </services>
     
</jbossesb>
