<?xml version="1.0" encoding="UTF-8"?>
<server>
  <mbean code="org.jboss.mq.server.jmx.Queue"
    name="jboss.esb.quickstart.destination:service=Queue,name=quickstart_helloworld_ftp_esb">
    <depends optional-attribute-name="DestinationManager">
      jboss.mq:service=DestinationManager
    </depends>
  </mbean>
  <mbean code="org.jboss.mq.server.jmx.Queue"
    name="jboss.esb.quickstart.destination:service=Queue,name=quickstart_jms_router_routeTo">
    <depends optional-attribute-name="DestinationManager">
      jboss.mq:service=DestinationManager
    </depends>
  </mbean>
</server>
